Date,Hour,Minute,count,ServerTime,RFStatus
2018-04-13,15,54,1,2018-04-13 15:54:00,RF
2018-04-13,18,2,3,2018-04-13 18:02:00,RF
2018-04-13,19,24,3,2018-04-13 19:24:00,RF
2018-04-13,19,25,3,2018-04-13 19:25:00,RF
2018-04-13,19,28,3,2018-04-13 19:28:00,RF
2018-04-13,19,30,5,2018-04-13 19:30:00,RF
2018-04-13,19,31,3,2018-04-13 19:31:00,RF
2018-04-13,19,33,3,2018-04-13 19:33:00,RF
2018-04-13,19,36,3,2018-04-13 19:36:00,RF
2018-04-13,19,40,4,2018-04-13 19:40:00,RF
2018-04-13,19,43,4,2018-04-13 19:43:00,RF
2018-04-13,19,44,4,2018-04-13 19:44:00,RF
2018-04-13,19,46,1,2018-04-13 19:46:00,RF
2018-04-13,20,5,4,2018-04-13 20:05:00,RF
2018-04-13,20,34,345,2018-04-13 20:34:00,RF-ATTACK
2018-04-13,20,35,65,2018-04-13 20:35:00,RF-ATTACK
2018-04-13,20,37,46,2018-04-13 20:37:00,RF
2018-04-13,20,38,135,2018-04-13 20:38:00,RF-ATTACK
2018-04-13,20,40,25,2018-04-13 20:40:00,RF
2018-04-13,20,41,81,2018-04-13 20:41:00,RF-ATTACK
2018-04-13,20,44,24,2018-04-13 20:44:00,RF
2018-04-13,20,45,3,2018-04-13 20:45:00,RF
2018-04-13,20,46,55,2018-04-13 20:46:00,RF-ATTACK
2018-04-13,20,47,69,2018-04-13 20:47:00,RF-ATTACK
2018-04-13,20,48,2,2018-04-13 20:48:00,RF
2018-04-13,20,49,82,2018-04-13 20:49:00,RF-ATTACK
2018-04-13,20,50,48,2018-04-13 20:50:00,RF
2018-04-13,20,51,97,2018-04-13 20:51:00,RF-ATTACK
2018-04-13,20,52,64,2018-04-13 20:52:00,RF-ATTACK
2018-04-13,20,54,15,2018-04-13 20:54:00,RF
2018-04-13,20,57,3,2018-04-13 20:57:00,RF
2018-04-13,21,1,3,2018-04-13 21:01:00,RF
2018-04-13,21,2,16,2018-04-13 21:02:00,RF
2018-04-13,21,4,3,2018-04-13 21:04:00,RF
2018-04-13,21,5,30,2018-04-13 21:05:00,RF
2018-04-13,21,7,22,2018-04-13 21:07:00,RF
2018-04-13,21,8,23,2018-04-13 21:08:00,RF
2018-04-13,21,9,22,2018-04-13 21:09:00,RF
2018-04-13,21,10,28,2018-04-13 21:10:00,RF
2018-04-13,21,11,25,2018-04-13 21:11:00,RF
2018-04-13,21,12,26,2018-04-13 21:12:00,RF
2018-04-13,21,13,29,2018-04-13 21:13:00,RF
2018-04-13,21,14,24,2018-04-13 21:14:00,RF
2018-04-13,21,15,1,2018-04-13 21:15:00,RF
2018-04-13,21,16,42,2018-04-13 21:16:00,RF
2018-04-13,21,17,42,2018-04-13 21:17:00,RF
2018-04-13,21,18,45,2018-04-13 21:18:00,RF
2018-04-13,21,19,43,2018-04-13 21:19:00,RF
2018-04-13,21,20,39,2018-04-13 21:20:00,RF
2018-04-13,21,21,42,2018-04-13 21:21:00,RF
2018-04-13,21,22,32,2018-04-13 21:22:00,RF
2018-04-13,21,23,21,2018-04-13 21:23:00,RF
2018-04-13,21,24,23,2018-04-13 21:24:00,RF
2018-04-13,21,25,3,2018-04-13 21:25:00,RF
2018-04-13,21,35,22,2018-04-13 21:35:00,RF
2018-04-13,21,38,8,2018-04-13 21:38:00,RF
2018-04-13,22,16,5,2018-04-13 22:16:00,RF
2018-04-13,23,4,13,2018-04-13 23:04:00,RF
2018-04-13,23,17,2,2018-04-13 23:17:00,RF
2018-04-14,0,19,2,2018-04-14 00:19:00,RF
2018-04-14,1,3,2,2018-04-14 01:03:00,RF
2018-04-14,1,21,4,2018-04-14 01:21:00,RF
2018-04-14,2,23,4,2018-04-14 02:23:00,RF
2018-04-14,3,25,2,2018-04-14 03:25:00,RF
2018-04-14,4,27,2,2018-04-14 04:27:00,RF
2018-04-14,5,29,2,2018-04-14 05:29:00,RF
2018-04-14,6,10,2,2018-04-14 06:10:00,RF
2018-04-14,6,21,7,2018-04-14 06:21:00,RF
2018-04-14,6,32,6,2018-04-14 06:32:00,RF
2018-04-14,6,54,4,2018-04-14 06:54:00,RF
2018-04-14,7,34,4,2018-04-14 07:34:00,RF
2018-04-14,8,36,4,2018-04-14 08:36:00,RF
2018-04-14,9,39,3,2018-04-14 09:39:00,RF
2018-04-14,10,41,3,2018-04-14 10:41:00,RF
2018-04-14,11,43,3,2018-04-14 11:43:00,RF
2018-04-14,12,46,3,2018-04-14 12:46:00,RF
2018-04-14,13,48,4,2018-04-14 13:48:00,RF
2018-04-14,14,50,3,2018-04-14 14:50:00,RF
2018-04-14,15,53,2,2018-04-14 15:53:00,RF
2018-04-14,16,55,2,2018-04-14 16:55:00,RF
2018-04-14,17,37,5,2018-04-14 17:37:00,RF
2018-04-14,17,48,3,2018-04-14 17:48:00,RF
2018-04-14,17,58,4,2018-04-14 17:58:00,RF
2018-04-14,18,59,5,2018-04-14 18:59:00,RF
2018-04-14,19,0,4,2018-04-14 19:00:00,RF
2018-04-14,20,2,4,2018-04-14 20:02:00,RF
2018-04-14,20,3,3,2018-04-14 20:03:00,RF
2018-04-14,21,5,3,2018-04-14 21:05:00,RF
2018-04-14,22,7,3,2018-04-14 22:07:00,RF
2018-04-14,23,10,2,2018-04-14 23:10:00,RF
2018-04-15,0,12,2,2018-04-15 00:12:00,RF
2018-04-15,1,15,2,2018-04-15 01:15:00,RF
2018-04-15,1,28,3,2018-04-15 01:28:00,RF
2018-04-15,2,17,2,2018-04-15 02:17:00,RF
2018-04-15,3,20,3,2018-04-15 03:20:00,RF
2018-04-15,4,22,2,2018-04-15 04:22:00,RF
2018-04-15,5,25,4,2018-04-15 05:25:00,RF
2018-04-15,6,28,4,2018-04-15 06:28:00,RF
2018-04-15,7,30,3,2018-04-15 07:30:00,RF
2018-04-15,8,33,4,2018-04-15 08:33:00,RF
2018-04-15,9,35,4,2018-04-15 09:35:00,RF
2018-04-15,10,38,4,2018-04-15 10:38:00,RF
2018-04-15,11,41,1,2018-04-15 11:41:00,RF
2018-04-15,12,43,5,2018-04-15 12:43:00,RF
2018-04-15,13,46,4,2018-04-15 13:46:00,RF
2018-04-15,14,48,3,2018-04-15 14:48:00,RF
2018-04-15,15,51,4,2018-04-15 15:51:00,RF
2018-04-15,16,53,6,2018-04-15 16:53:00,RF
2018-04-15,17,56,2,2018-04-15 17:56:00,RF
2018-04-15,18,58,2,2018-04-15 18:58:00,RF
2018-04-15,20,1,4,2018-04-15 20:01:00,RF
2018-04-15,21,3,2,2018-04-15 21:03:00,RF
2018-04-15,22,6,4,2018-04-15 22:06:00,RF
2018-04-15,23,8,4,2018-04-15 23:08:00,RF
2018-04-16,0,11,2,2018-04-16 00:11:00,RF
2018-04-16,1,13,3,2018-04-16 01:13:00,RF
2018-04-16,2,16,5,2018-04-16 02:16:00,RF
2018-04-16,3,18,3,2018-04-16 03:18:00,RF
2018-04-16,4,21,3,2018-04-16 04:21:00,RF
2018-04-16,5,23,4,2018-04-16 05:23:00,RF
2018-04-16,6,26,2,2018-04-16 06:26:00,RF
2018-04-16,7,28,3,2018-04-16 07:28:00,RF
2018-04-16,8,31,4,2018-04-16 08:31:00,RF
2018-04-16,8,40,3,2018-04-16 08:40:00,RF
2018-04-16,9,33,3,2018-04-16 09:33:00,RF
2018-04-16,10,36,2,2018-04-16 10:36:00,RF
2018-04-16,11,39,4,2018-04-16 11:39:00,RF
2018-04-16,12,41,2,2018-04-16 12:41:00,RF
2018-04-16,13,25,4,2018-04-16 13:25:00,RF
2018-04-16,13,44,2,2018-04-16 13:44:00,RF
2018-04-16,14,28,3,2018-04-16 14:28:00,RF
2018-04-16,14,46,4,2018-04-16 14:46:00,RF
2018-04-16,14,49,8,2018-04-16 14:49:00,RF
2018-04-16,14,53,12,2018-04-16 14:53:00,RF
2018-04-16,15,0,6,2018-04-16 15:00:00,RF
2018-04-16,15,8,4,2018-04-16 15:08:00,RF
2018-04-16,15,48,4,2018-04-16 15:48:00,RF
2018-04-16,16,30,5,2018-04-16 16:30:00,RF
2018-04-16,16,50,2,2018-04-16 16:50:00,RF
2018-04-16,17,48,4,2018-04-16 17:48:00,RF
2018-04-16,17,53,4,2018-04-16 17:53:00,RF
2018-04-16,18,7,3,2018-04-16 18:07:00,RF
2018-04-16,18,10,5,2018-04-16 18:10:00,RF
2018-04-16,18,55,2,2018-04-16 18:55:00,RF
2018-04-16,19,57,2,2018-04-16 19:57:00,RF
2018-04-16,20,13,7,2018-04-16 20:13:00,RF
2018-04-16,20,16,6,2018-04-16 20:16:00,RF
2018-04-16,20,59,5,2018-04-16 20:59:00,RF
2018-04-16,22,1,2,2018-04-16 22:01:00,RF
2018-04-16,23,4,3,2018-04-16 23:04:00,RF
2018-04-16,23,38,1,2018-04-16 23:38:00,RF
2018-04-17,0,6,2,2018-04-17 00:06:00,RF
2018-04-17,1,8,3,2018-04-17 01:08:00,RF
2018-04-17,2,11,3,2018-04-17 02:11:00,RF
2018-04-17,3,13,4,2018-04-17 03:13:00,RF
2018-04-17,4,15,4,2018-04-17 04:15:00,RF
2018-04-17,5,18,2,2018-04-17 05:18:00,RF
2018-04-17,6,20,3,2018-04-17 06:20:00,RF
2018-04-17,7,13,2,2018-04-17 07:13:00,RF
2018-04-17,7,23,2,2018-04-17 07:23:00,RF
2018-04-17,8,25,2,2018-04-17 08:25:00,RF
2018-04-17,9,27,3,2018-04-17 09:27:00,RF
2018-04-17,10,30,4,2018-04-17 10:30:00,RF
2018-04-19,19,15,3,2018-04-19 19:15:00,RF
2018-04-19,19,19,4,2018-04-19 19:19:00,RF
2018-04-19,19,23,3,2018-04-19 19:23:00,RF
2018-04-19,19,27,4,2018-04-19 19:27:00,RF
2018-04-19,19,28,4,2018-04-19 19:28:00,RF
2018-04-19,19,31,3,2018-04-19 19:31:00,RF
2018-04-19,19,32,4,2018-04-19 19:32:00,RF
2018-04-19,19,35,3,2018-04-19 19:35:00,RF
2018-04-19,19,36,4,2018-04-19 19:36:00,RF
2018-04-19,19,38,2,2018-04-19 19:38:00,RF
2018-04-19,19,42,2,2018-04-19 19:42:00,RF
2018-04-19,19,43,3,2018-04-19 19:43:00,RF
2018-04-19,19,46,8,2018-04-19 19:46:00,RF
2018-04-19,19,52,7,2018-04-19 19:52:00,RF
2018-04-19,19,56,2,2018-04-19 19:56:00,RF
2018-04-19,20,16,2,2018-04-19 20:16:00,RF
2018-04-19,20,17,5,2018-04-19 20:17:00,RF
2018-04-19,20,20,3,2018-04-19 20:20:00,RF
2018-04-19,20,23,18,2018-04-19 20:23:00,RF
2018-04-19,20,24,89,2018-04-19 20:24:00,RF-ATTACK
2018-04-19,20,25,177,2018-04-19 20:25:00,RF-ATTACK
2018-04-19,20,26,120,2018-04-19 20:26:00,RF-ATTACK
2018-04-19,20,27,172,2018-04-19 20:27:00,RF-ATTACK
2018-04-19,20,28,169,2018-04-19 20:28:00,RF-ATTACK
2018-04-19,20,29,21,2018-04-19 20:29:00,RF
2018-04-19,20,31,3,2018-04-19 20:31:00,RF
2018-04-19,20,32,4,2018-04-19 20:32:00,RF
2018-04-19,20,34,3,2018-04-19 20:34:00,RF
2018-04-19,20,35,1,2018-04-19 20:35:00,RF
2018-04-19,20,37,5,2018-04-19 20:37:00,RF
2018-04-19,20,47,4,2018-04-19 20:47:00,RF
2018-04-19,20,48,137,2018-04-19 20:48:00,RF-ATTACK
2018-04-19,20,49,78,2018-04-19 20:49:00,RF-ATTACK
2018-04-19,20,52,3,2018-04-19 20:52:00,RF
2018-04-19,20,54,2,2018-04-19 20:54:00,RF
2018-04-19,20,55,45,2018-04-19 20:55:00,RF
2018-04-19,20,56,157,2018-04-19 20:56:00,RF-ATTACK
2018-04-19,20,57,74,2018-04-19 20:57:00,RF-ATTACK
2018-04-19,20,58,2,2018-04-19 20:58:00,RF
2018-04-19,21,3,3,2018-04-19 21:03:00,RF
2018-04-19,21,4,21,2018-04-19 21:04:00,RF
2018-04-19,21,5,103,2018-04-19 21:05:00,RF-ATTACK
2018-04-19,21,6,88,2018-04-19 21:06:00,RF-ATTACK
2018-04-19,21,10,47,2018-04-19 21:10:00,RF
2018-04-19,21,11,93,2018-04-19 21:11:00,RF-ATTACK
2018-04-19,21,12,7,2018-04-19 21:12:00,RF
2018-04-19,21,13,92,2018-04-19 21:13:00,RF-ATTACK
2018-04-19,21,22,7,2018-04-19 21:22:00,RF
2018-04-19,21,23,403,2018-04-19 21:23:00,RF-ATTACK
2018-04-19,21,24,260,2018-04-19 21:24:00,RF-ATTACK
2018-04-19,21,31,5,2018-04-19 21:31:00,RF
2018-04-19,21,39,5,2018-04-19 21:39:00,RF
2018-04-19,21,46,5,2018-04-19 21:46:00,RF
2018-04-19,22,14,2,2018-04-19 22:14:00,RF
2018-04-19,23,15,5,2018-04-19 23:15:00,RF
2018-04-20,0,16,3,2018-04-20 00:16:00,RF
2018-04-20,1,17,3,2018-04-20 01:17:00,RF
2018-04-20,2,18,4,2018-04-20 02:18:00,RF
2018-04-20,3,11,3,2018-04-20 03:11:00,RF
2018-04-20,3,19,5,2018-04-20 03:19:00,RF
2018-04-20,4,20,3,2018-04-20 04:20:00,RF
2018-04-20,5,21,5,2018-04-20 05:21:00,RF
2018-04-20,6,22,4,2018-04-20 06:22:00,RF
2018-04-20,9,25,3,2018-04-20 09:25:00,RF
2018-04-20,10,31,3,2018-04-20 10:31:00,RF
2018-04-20,12,46,3,2018-04-20 12:46:00,RF
2018-04-20,12,47,3,2018-04-20 12:47:00,RF
2018-04-20,12,48,2,2018-04-20 12:48:00,RF
2018-04-20,12,49,2,2018-04-20 12:49:00,RF
2018-04-20,12,50,4,2018-04-20 12:50:00,RF
2018-04-20,13,54,3,2018-04-20 13:54:00,RF
2018-04-20,13,56,2,2018-04-20 13:56:00,RF
2018-04-20,13,57,17,2018-04-20 13:57:00,RF
2018-04-20,13,58,1,2018-04-20 13:58:00,RF
2018-04-20,13,59,22,2018-04-20 13:59:00,RF
2018-04-20,14,0,14,2018-04-20 14:00:00,RF
2018-04-20,14,1,26,2018-04-20 14:01:00,RF
2018-04-20,14,3,13,2018-04-20 14:03:00,RF
2018-04-20,14,5,11,2018-04-20 14:05:00,RF
2018-04-20,14,7,2,2018-04-20 14:07:00,RF
2018-04-20,14,16,3,2018-04-20 14:16:00,RF
2018-04-20,14,17,2,2018-04-20 14:17:00,RF
2018-04-20,14,26,3,2018-04-20 14:26:00,RF
2018-04-20,14,27,2,2018-04-20 14:27:00,RF
2018-04-20,14,31,4,2018-04-20 14:31:00,RF
2018-04-20,14,37,6,2018-04-20 14:37:00,RF
2018-04-20,14,40,21,2018-04-20 14:40:00,RF
2018-04-20,14,41,8,2018-04-20 14:41:00,RF
2018-04-20,14,42,2,2018-04-20 14:42:00,RF
2018-04-20,14,43,17,2018-04-20 14:43:00,RF
2018-04-20,14,44,20,2018-04-20 14:44:00,RF
2018-04-20,14,46,17,2018-04-20 14:46:00,RF
2018-04-20,14,47,13,2018-04-20 14:47:00,RF
2018-04-20,14,48,5,2018-04-20 14:48:00,RF
2018-04-20,14,49,13,2018-04-20 14:49:00,RF
2018-04-20,14,50,26,2018-04-20 14:50:00,RF
2018-04-20,14,51,6,2018-04-20 14:51:00,RF
2018-04-20,14,52,8,2018-04-20 14:52:00,RF
2018-04-20,14,53,7,2018-04-20 14:53:00,RF
2018-04-20,14,54,11,2018-04-20 14:54:00,RF
2018-04-20,14,55,3,2018-04-20 14:55:00,RF
2018-04-20,14,58,2,2018-04-20 14:58:00,RF
2018-04-20,14,59,4,2018-04-20 14:59:00,RF
2018-04-20,15,8,2,2018-04-20 15:08:00,RF
2018-04-20,15,9,5,2018-04-20 15:09:00,RF
2018-04-20,15,10,11,2018-04-20 15:10:00,RF
2018-04-20,15,19,2,2018-04-20 15:19:00,RF
2018-04-20,15,20,19,2018-04-20 15:20:00,RF
2018-04-20,15,21,12,2018-04-20 15:21:00,RF
2018-04-20,15,23,5,2018-04-20 15:23:00,RF
2018-04-20,15,29,2,2018-04-20 15:29:00,RF
2018-04-20,15,30,4,2018-04-20 15:30:00,RF
2018-04-20,15,32,3,2018-04-20 15:32:00,RF
2018-04-20,15,35,3,2018-04-20 15:35:00,RF
2018-04-20,15,37,6,2018-04-20 15:37:00,RF
2018-04-20,15,39,1,2018-04-20 15:39:00,RF
2018-04-20,15,40,3,2018-04-20 15:40:00,RF
2018-04-20,15,49,2,2018-04-20 15:49:00,RF
2018-04-20,15,51,3,2018-04-20 15:51:00,RF
2018-04-20,16,0,3,2018-04-20 16:00:00,RF
2018-04-20,16,2,7,2018-04-20 16:02:00,RF
2018-04-20,16,10,2,2018-04-20 16:10:00,RF
2018-04-20,16,13,3,2018-04-20 16:13:00,RF
2018-04-20,16,20,1,2018-04-20 16:20:00,RF
2018-04-20,16,24,4,2018-04-20 16:24:00,RF
2018-04-20,16,30,2,2018-04-20 16:30:00,RF
2018-04-20,16,32,3,2018-04-20 16:32:00,RF
2018-04-20,16,35,4,2018-04-20 16:35:00,RF
2018-04-20,16,41,2,2018-04-20 16:41:00,RF
2018-04-20,16,46,4,2018-04-20 16:46:00,RF
2018-04-20,16,51,2,2018-04-20 16:51:00,RF
2018-04-20,16,56,3,2018-04-20 16:56:00,RF
2018-04-20,17,1,1,2018-04-20 17:01:00,RF
2018-04-20,17,7,3,2018-04-20 17:07:00,RF
2018-04-20,17,11,3,2018-04-20 17:11:00,RF
2018-04-20,17,18,3,2018-04-20 17:18:00,RF
2018-04-20,17,22,2,2018-04-20 17:22:00,RF
2018-04-20,17,29,4,2018-04-20 17:29:00,RF
2018-04-20,17,32,2,2018-04-20 17:32:00,RF
2018-04-20,17,34,4,2018-04-20 17:34:00,RF
2018-04-20,17,40,3,2018-04-20 17:40:00,RF
2018-04-20,17,42,2,2018-04-20 17:42:00,RF
2018-04-20,17,51,3,2018-04-20 17:51:00,RF
2018-04-20,17,52,2,2018-04-20 17:52:00,RF
2018-04-20,18,2,5,2018-04-20 18:02:00,RF
2018-04-20,18,13,5,2018-04-20 18:13:00,RF
2018-04-20,18,23,2,2018-04-20 18:23:00,RF
2018-04-20,18,24,3,2018-04-20 18:24:00,RF
2018-04-20,18,33,2,2018-04-20 18:33:00,RF
2018-04-20,18,35,7,2018-04-20 18:35:00,RF
2018-04-20,18,43,3,2018-04-20 18:43:00,RF
2018-04-20,18,45,12,2018-04-20 18:45:00,RF
2018-04-20,18,46,10,2018-04-20 18:46:00,RF
2018-04-20,18,49,7,2018-04-20 18:49:00,RF
2018-04-20,18,54,1,2018-04-20 18:54:00,RF
2018-04-20,18,57,3,2018-04-20 18:57:00,RF
2018-04-20,18,58,6,2018-04-20 18:58:00,RF
2018-04-20,19,0,5,2018-04-20 19:00:00,RF
2018-04-20,19,3,15,2018-04-20 19:03:00,RF
2018-04-20,19,4,2,2018-04-20 19:04:00,RF
2018-04-20,19,5,6,2018-04-20 19:05:00,RF
2018-04-20,19,6,7,2018-04-20 19:06:00,RF
2018-04-20,19,8,3,2018-04-20 19:08:00,RF
2018-04-20,19,13,13,2018-04-20 19:13:00,RF
2018-04-20,19,14,15,2018-04-20 19:14:00,RF
2018-04-20,19,16,6,2018-04-20 19:16:00,RF
2018-04-20,19,17,8,2018-04-20 19:17:00,RF
2018-04-20,19,19,3,2018-04-20 19:19:00,RF
2018-04-20,19,25,2,2018-04-20 19:25:00,RF
2018-04-20,19,30,2,2018-04-20 19:30:00,RF
2018-04-20,19,35,2,2018-04-20 19:35:00,RF
2018-04-20,19,36,3,2018-04-20 19:36:00,RF
2018-04-20,19,40,4,2018-04-20 19:40:00,RF
2018-04-20,19,45,3,2018-04-20 19:45:00,RF
2018-04-20,19,51,3,2018-04-20 19:51:00,RF
2018-04-20,19,55,2,2018-04-20 19:55:00,RF
2018-04-20,20,2,3,2018-04-20 20:02:00,RF
2018-04-20,20,5,3,2018-04-20 20:05:00,RF
2018-04-20,20,13,4,2018-04-20 20:13:00,RF
2018-04-20,20,16,2,2018-04-20 20:16:00,RF
2018-04-20,20,24,3,2018-04-20 20:24:00,RF
2018-04-20,20,26,1,2018-04-20 20:26:00,RF
2018-04-20,20,35,3,2018-04-20 20:35:00,RF
2018-04-20,20,36,1,2018-04-20 20:36:00,RF
2018-04-20,20,37,4,2018-04-20 20:37:00,RF
2018-04-20,20,46,5,2018-04-20 20:46:00,RF
2018-04-20,20,57,5,2018-04-20 20:57:00,RF
2018-04-20,21,7,2,2018-04-20 21:07:00,RF
2018-04-20,21,8,3,2018-04-20 21:08:00,RF
2018-04-20,21,17,3,2018-04-20 21:17:00,RF
2018-04-20,21,19,3,2018-04-20 21:19:00,RF
2018-04-20,21,22,9,2018-04-20 21:22:00,RF
2018-04-20,21,27,1,2018-04-20 21:27:00,RF
2018-04-20,21,30,3,2018-04-20 21:30:00,RF
2018-04-20,21,38,5,2018-04-20 21:38:00,RF
2018-04-20,21,41,3,2018-04-20 21:41:00,RF
2018-04-20,21,48,1,2018-04-20 21:48:00,RF
2018-04-20,21,49,3,2018-04-20 21:49:00,RF
2018-04-20,21,52,3,2018-04-20 21:52:00,RF
2018-04-20,21,58,2,2018-04-20 21:58:00,RF
2018-04-20,22,3,3,2018-04-20 22:03:00,RF
2018-04-20,22,8,2,2018-04-20 22:08:00,RF
2018-04-20,22,14,3,2018-04-20 22:14:00,RF
2018-04-20,22,18,2,2018-04-20 22:18:00,RF
2018-04-20,22,25,3,2018-04-20 22:25:00,RF
2018-04-20,22,29,2,2018-04-20 22:29:00,RF
2018-04-20,22,36,3,2018-04-20 22:36:00,RF
2018-04-20,22,39,6,2018-04-20 22:39:00,RF
2018-04-20,22,47,4,2018-04-20 22:47:00,RF
2018-04-20,22,49,2,2018-04-20 22:49:00,RF
2018-04-20,22,58,3,2018-04-20 22:58:00,RF
2018-04-20,22,59,2,2018-04-20 22:59:00,RF
2018-04-20,23,9,3,2018-04-20 23:09:00,RF
2018-04-20,23,10,3,2018-04-20 23:10:00,RF
2018-04-20,23,19,3,2018-04-20 23:19:00,RF
2018-04-20,23,20,3,2018-04-20 23:20:00,RF
2018-04-20,23,30,6,2018-04-20 23:30:00,RF
2018-04-20,23,40,5,2018-04-20 23:40:00,RF
2018-04-20,23,41,3,2018-04-20 23:41:00,RF
2018-04-20,23,51,1,2018-04-20 23:51:00,RF
2018-04-20,23,52,4,2018-04-20 23:52:00,RF
2018-04-21,0,1,2,2018-04-21 00:01:00,RF
2018-04-21,0,3,3,2018-04-21 00:03:00,RF
2018-04-21,0,11,2,2018-04-21 00:11:00,RF
2018-04-21,0,14,4,2018-04-21 00:14:00,RF
2018-04-21,0,21,2,2018-04-21 00:21:00,RF
2018-04-21,0,23,3,2018-04-21 00:23:00,RF
2018-04-21,0,25,3,2018-04-21 00:25:00,RF
2018-04-21,0,31,1,2018-04-21 00:31:00,RF
2018-04-21,0,36,3,2018-04-21 00:36:00,RF
2018-04-21,0,41,4,2018-04-21 00:41:00,RF
2018-04-21,0,42,2,2018-04-21 00:42:00,RF
2018-04-21,0,47,3,2018-04-21 00:47:00,RF
2018-04-21,0,52,3,2018-04-21 00:52:00,RF
2018-04-21,0,58,3,2018-04-21 00:58:00,RF
2018-04-21,1,2,2,2018-04-21 01:02:00,RF
2018-04-21,1,9,3,2018-04-21 01:09:00,RF
2018-04-21,1,12,2,2018-04-21 01:12:00,RF
2018-04-21,1,20,3,2018-04-21 01:20:00,RF
2018-04-21,1,23,2,2018-04-21 01:23:00,RF
2018-04-21,1,31,3,2018-04-21 01:31:00,RF
2018-04-21,1,33,2,2018-04-21 01:33:00,RF
2018-04-21,1,42,6,2018-04-21 01:42:00,RF
2018-04-21,1,43,2,2018-04-21 01:43:00,RF
2018-04-21,1,53,5,2018-04-21 01:53:00,RF
2018-04-21,2,3,3,2018-04-21 02:03:00,RF
2018-04-21,2,4,3,2018-04-21 02:04:00,RF
2018-04-21,2,14,3,2018-04-21 02:14:00,RF
2018-04-21,2,15,3,2018-04-21 02:15:00,RF
2018-04-21,2,24,3,2018-04-21 02:24:00,RF
2018-04-21,2,26,3,2018-04-21 02:26:00,RF
2018-04-21,2,34,3,2018-04-21 02:34:00,RF
2018-04-21,2,37,3,2018-04-21 02:37:00,RF
2018-04-21,2,43,2,2018-04-21 02:43:00,RF
2018-04-21,2,44,3,2018-04-21 02:44:00,RF
2018-04-21,2,48,4,2018-04-21 02:48:00,RF
2018-04-21,2,55,3,2018-04-21 02:55:00,RF
2018-04-21,2,59,4,2018-04-21 02:59:00,RF
2018-04-21,3,5,2,2018-04-21 03:05:00,RF
2018-04-21,3,10,3,2018-04-21 03:10:00,RF
2018-04-21,3,15,2,2018-04-21 03:15:00,RF
2018-04-21,3,21,3,2018-04-21 03:21:00,RF
2018-04-21,3,25,2,2018-04-21 03:25:00,RF
2018-04-21,3,32,3,2018-04-21 03:32:00,RF
2018-04-21,3,35,2,2018-04-21 03:35:00,RF
2018-04-21,3,43,3,2018-04-21 03:43:00,RF
2018-04-21,3,45,4,2018-04-21 03:45:00,RF
2018-04-21,3,46,2,2018-04-21 03:46:00,RF
2018-04-21,3,54,4,2018-04-21 03:54:00,RF
2018-04-21,3,56,2,2018-04-21 03:56:00,RF
2018-04-21,4,5,4,2018-04-21 04:05:00,RF
2018-04-21,4,6,3,2018-04-21 04:06:00,RF
2018-04-21,4,16,7,2018-04-21 04:16:00,RF
2018-04-21,4,27,4,2018-04-21 04:27:00,RF
2018-04-21,4,37,4,2018-04-21 04:37:00,RF
2018-04-21,4,38,3,2018-04-21 04:38:00,RF
2018-04-21,4,46,3,2018-04-21 04:46:00,RF
2018-04-21,4,47,2,2018-04-21 04:47:00,RF
2018-04-21,4,49,3,2018-04-21 04:49:00,RF
2018-04-21,4,57,3,2018-04-21 04:57:00,RF
2018-04-21,4,59,3,2018-04-21 04:59:00,RF
2018-04-21,5,8,3,2018-04-21 05:08:00,RF
2018-04-21,5,10,3,2018-04-21 05:10:00,RF
2018-04-21,5,18,2,2018-04-21 05:18:00,RF
2018-04-21,5,21,4,2018-04-21 05:21:00,RF
2018-04-21,5,28,2,2018-04-21 05:28:00,RF
2018-04-21,5,32,3,2018-04-21 05:32:00,RF
2018-04-21,5,38,4,2018-04-21 05:38:00,RF
2018-04-21,5,43,4,2018-04-21 05:43:00,RF
2018-04-21,5,47,3,2018-04-21 05:47:00,RF
2018-04-21,5,48,2,2018-04-21 05:48:00,RF
2018-04-21,5,54,4,2018-04-21 05:54:00,RF
2018-04-21,5,59,3,2018-04-21 05:59:00,RF
2018-04-21,6,5,3,2018-04-21 06:05:00,RF
2018-04-21,6,9,2,2018-04-21 06:09:00,RF
2018-04-21,6,16,3,2018-04-21 06:16:00,RF
2018-04-21,6,19,2,2018-04-21 06:19:00,RF
2018-04-21,6,27,3,2018-04-21 06:27:00,RF
2018-04-21,6,29,3,2018-04-21 06:29:00,RF
2018-04-21,6,38,3,2018-04-21 06:38:00,RF
2018-04-21,6,40,3,2018-04-21 06:40:00,RF
2018-04-21,6,48,3,2018-04-21 06:48:00,RF
2018-04-21,6,49,4,2018-04-21 06:49:00,RF
2018-04-21,6,50,2,2018-04-21 06:50:00,RF
2018-04-21,7,0,6,2018-04-21 07:00:00,RF
2018-04-21,7,10,2,2018-04-21 07:10:00,RF
2018-04-21,7,11,3,2018-04-21 07:11:00,RF
2018-04-21,7,20,2,2018-04-21 07:20:00,RF
2018-04-21,7,22,3,2018-04-21 07:22:00,RF
2018-04-21,7,31,2,2018-04-21 07:31:00,RF
2018-04-21,7,33,3,2018-04-21 07:33:00,RF
2018-04-21,7,41,2,2018-04-21 07:41:00,RF
2018-04-21,7,44,3,2018-04-21 07:44:00,RF
2018-04-21,7,49,4,2018-04-21 07:49:00,RF
2018-04-21,7,51,2,2018-04-21 07:51:00,RF
2018-04-21,7,55,3,2018-04-21 07:55:00,RF
2018-04-21,8,1,3,2018-04-21 08:01:00,RF
2018-04-21,8,6,3,2018-04-21 08:06:00,RF
2018-04-21,8,12,2,2018-04-21 08:12:00,RF
2018-04-21,8,17,3,2018-04-21 08:17:00,RF
2018-04-21,8,22,2,2018-04-21 08:22:00,RF
2018-04-21,8,28,3,2018-04-21 08:28:00,RF
2018-04-21,8,32,3,2018-04-21 08:32:00,RF
2018-04-21,8,39,3,2018-04-21 08:39:00,RF
2018-04-21,8,42,2,2018-04-21 08:42:00,RF
2018-04-21,8,50,6,2018-04-21 08:50:00,RF
2018-04-21,8,52,1,2018-04-21 08:52:00,RF
2018-04-21,9,1,3,2018-04-21 09:01:00,RF
2018-04-21,9,3,2,2018-04-21 09:03:00,RF
2018-04-21,9,12,4,2018-04-21 09:12:00,RF
2018-04-21,9,13,3,2018-04-21 09:13:00,RF
2018-04-21,9,23,4,2018-04-21 09:23:00,RF
2018-04-21,9,33,2,2018-04-21 09:33:00,RF
2018-04-21,9,34,3,2018-04-21 09:34:00,RF
2018-04-21,9,44,2,2018-04-21 09:44:00,RF
2018-04-21,9,45,3,2018-04-21 09:45:00,RF
2018-04-21,9,51,4,2018-04-21 09:51:00,RF
2018-04-21,9,54,2,2018-04-21 09:54:00,RF
2018-04-21,9,56,4,2018-04-21 09:56:00,RF
2018-04-21,10,4,2,2018-04-21 10:04:00,RF
2018-04-21,10,7,3,2018-04-21 10:07:00,RF
2018-04-21,10,14,2,2018-04-21 10:14:00,RF
2018-04-21,10,18,3,2018-04-21 10:18:00,RF
2018-04-21,10,25,2,2018-04-21 10:25:00,RF
2018-04-21,10,29,4,2018-04-21 10:29:00,RF
2018-04-21,10,35,2,2018-04-21 10:35:00,RF
2018-04-21,10,40,3,2018-04-21 10:40:00,RF
2018-04-21,10,45,1,2018-04-21 10:45:00,RF
2018-04-21,10,51,3,2018-04-21 10:51:00,RF
2018-04-21,10,53,3,2018-04-21 10:53:00,RF
2018-04-21,10,55,2,2018-04-21 10:55:00,RF
2018-04-21,11,1,3,2018-04-21 11:01:00,RF
2018-04-21,11,5,3,2018-04-21 11:05:00,RF
2018-04-21,11,12,3,2018-04-21 11:12:00,RF
2018-04-21,11,16,2,2018-04-21 11:16:00,RF
2018-04-21,11,23,4,2018-04-21 11:23:00,RF
2018-04-21,11,26,3,2018-04-21 11:26:00,RF
2018-04-21,11,34,3,2018-04-21 11:34:00,RF
2018-04-21,11,36,1,2018-04-21 11:36:00,RF
2018-04-21,11,45,4,2018-04-21 11:45:00,RF
2018-04-21,11,46,2,2018-04-21 11:46:00,RF
2018-04-21,11,54,4,2018-04-21 11:54:00,RF
2018-04-21,11,56,3,2018-04-21 11:56:00,RF
2018-04-21,11,57,2,2018-04-21 11:57:00,RF
2018-04-21,12,7,5,2018-04-21 12:07:00,RF
2018-04-21,12,17,2,2018-04-21 12:17:00,RF
2018-04-21,12,18,4,2018-04-21 12:18:00,RF
2018-04-21,12,27,1,2018-04-21 12:27:00,RF
2018-04-21,12,29,3,2018-04-21 12:29:00,RF
2018-04-21,12,37,2,2018-04-21 12:37:00,RF
2018-04-21,12,40,4,2018-04-21 12:40:00,RF
2018-04-21,12,48,2,2018-04-21 12:48:00,RF
2018-04-21,12,51,4,2018-04-21 12:51:00,RF
2018-04-21,12,55,3,2018-04-21 12:55:00,RF
2018-04-21,12,58,2,2018-04-21 12:58:00,RF
2018-04-21,13,2,3,2018-04-21 13:02:00,RF
2018-04-21,13,8,2,2018-04-21 13:08:00,RF
2018-04-21,13,13,3,2018-04-21 13:13:00,RF
2018-04-21,13,18,2,2018-04-21 13:18:00,RF
2018-04-21,13,24,3,2018-04-21 13:24:00,RF
2018-04-21,13,25,3,2018-04-21 13:25:00,RF
2018-04-21,13,29,1,2018-04-21 13:29:00,RF
2018-04-21,13,35,4,2018-04-21 13:35:00,RF
2018-04-21,13,39,2,2018-04-21 13:39:00,RF
2018-04-21,13,46,3,2018-04-21 13:46:00,RF
2018-04-21,13,49,2,2018-04-21 13:49:00,RF
2018-04-21,13,56,3,2018-04-21 13:56:00,RF
2018-04-21,13,57,4,2018-04-21 13:57:00,RF
2018-04-21,13,59,2,2018-04-21 13:59:00,RF
2018-04-21,14,8,3,2018-04-21 14:08:00,RF
2018-04-21,14,10,2,2018-04-21 14:10:00,RF
2018-04-21,14,19,4,2018-04-21 14:19:00,RF
2018-04-21,14,20,1,2018-04-21 14:20:00,RF
2018-04-21,14,30,6,2018-04-21 14:30:00,RF
2018-04-21,14,40,2,2018-04-21 14:40:00,RF
2018-04-21,14,41,4,2018-04-21 14:41:00,RF
2018-04-21,14,50,2,2018-04-21 14:50:00,RF
2018-04-21,14,52,4,2018-04-21 14:52:00,RF
2018-04-21,14,57,3,2018-04-21 14:57:00,RF
2018-04-21,15,1,1,2018-04-21 15:01:00,RF
2018-04-21,15,3,4,2018-04-21 15:03:00,RF
2018-04-21,15,11,1,2018-04-21 15:11:00,RF
2018-04-21,15,14,3,2018-04-21 15:14:00,RF
2018-04-21,15,21,2,2018-04-21 15:21:00,RF
2018-04-21,15,25,4,2018-04-21 15:25:00,RF
2018-04-21,15,31,2,2018-04-21 15:31:00,RF
2018-04-21,15,36,3,2018-04-21 15:36:00,RF
2018-04-21,15,42,2,2018-04-21 15:42:00,RF
2018-04-21,15,47,3,2018-04-21 15:47:00,RF
2018-04-21,15,52,2,2018-04-21 15:52:00,RF
2018-04-21,15,58,6,2018-04-21 15:58:00,RF
2018-04-21,16,2,3,2018-04-21 16:02:00,RF
2018-04-21,16,9,3,2018-04-21 16:09:00,RF
2018-04-21,16,12,2,2018-04-21 16:12:00,RF
2018-04-21,16,20,3,2018-04-21 16:20:00,RF
2018-04-21,16,22,2,2018-04-21 16:22:00,RF
2018-04-21,16,31,3,2018-04-21 16:31:00,RF
2018-04-21,16,33,2,2018-04-21 16:33:00,RF
2018-04-21,16,42,3,2018-04-21 16:42:00,RF
2018-04-21,16,43,3,2018-04-21 16:43:00,RF
2018-04-21,16,53,6,2018-04-21 16:53:00,RF
2018-04-21,16,59,3,2018-04-21 16:59:00,RF
2018-04-21,17,3,2,2018-04-21 17:03:00,RF
2018-04-21,17,4,3,2018-04-21 17:04:00,RF
2018-04-21,17,14,2,2018-04-21 17:14:00,RF
2018-04-21,17,15,3,2018-04-21 17:15:00,RF
2018-04-21,17,24,2,2018-04-21 17:24:00,RF
2018-04-21,17,26,4,2018-04-21 17:26:00,RF
2018-04-21,17,34,2,2018-04-21 17:34:00,RF
2018-04-21,17,37,3,2018-04-21 17:37:00,RF
2018-04-21,17,44,2,2018-04-21 17:44:00,RF
2018-04-21,17,47,3,2018-04-21 17:47:00,RF
2018-04-21,17,54,2,2018-04-21 17:54:00,RF
2018-04-21,17,58,4,2018-04-21 17:58:00,RF
2018-04-21,18,0,3,2018-04-21 18:00:00,RF
2018-04-21,18,5,2,2018-04-21 18:05:00,RF
2018-04-21,18,9,4,2018-04-21 18:09:00,RF
2018-04-21,18,15,2,2018-04-21 18:15:00,RF
2018-04-21,18,20,3,2018-04-21 18:20:00,RF
2018-04-21,18,25,3,2018-04-21 18:25:00,RF
2018-04-21,18,31,3,2018-04-21 18:31:00,RF
2018-04-21,18,35,2,2018-04-21 18:35:00,RF
2018-04-21,18,42,3,2018-04-21 18:42:00,RF
2018-04-21,18,46,3,2018-04-21 18:46:00,RF
2018-04-21,18,53,3,2018-04-21 18:53:00,RF
2018-04-21,18,56,2,2018-04-21 18:56:00,RF
2018-04-21,19,2,3,2018-04-21 19:02:00,RF
2018-04-21,19,4,4,2018-04-21 19:04:00,RF
2018-04-21,19,6,2,2018-04-21 19:06:00,RF
2018-04-21,19,15,3,2018-04-21 19:15:00,RF
2018-04-21,19,16,2,2018-04-21 19:16:00,RF
2018-04-21,19,26,5,2018-04-21 19:26:00,RF
2018-04-21,19,37,6,2018-04-21 19:37:00,RF
2018-04-21,19,47,2,2018-04-21 19:47:00,RF
2018-04-21,19,48,4,2018-04-21 19:48:00,RF
2018-04-21,19,57,2,2018-04-21 19:57:00,RF
2018-04-21,19,59,3,2018-04-21 19:59:00,RF
2018-04-21,20,3,2,2018-04-21 20:03:00,RF
2018-04-21,20,7,2,2018-04-21 20:07:00,RF
2018-04-21,20,10,3,2018-04-21 20:10:00,RF
2018-04-21,20,18,2,2018-04-21 20:18:00,RF
2018-04-21,20,21,3,2018-04-21 20:21:00,RF
2018-04-21,20,28,1,2018-04-21 20:28:00,RF
2018-04-21,20,32,3,2018-04-21 20:32:00,RF
2018-04-21,20,38,1,2018-04-21 20:38:00,RF
2018-04-21,20,43,3,2018-04-21 20:43:00,RF
2018-04-21,20,48,1,2018-04-21 20:48:00,RF
2018-04-21,20,54,3,2018-04-21 20:54:00,RF
2018-04-21,20,58,2,2018-04-21 20:58:00,RF
2018-04-21,21,4,3,2018-04-21 21:04:00,RF
2018-04-21,21,5,4,2018-04-21 21:05:00,RF
2018-04-21,21,9,2,2018-04-21 21:09:00,RF
2018-04-21,21,16,3,2018-04-21 21:16:00,RF
2018-04-21,21,19,3,2018-04-21 21:19:00,RF
2018-04-21,21,27,4,2018-04-21 21:27:00,RF
2018-04-21,21,29,2,2018-04-21 21:29:00,RF
2018-04-21,21,38,3,2018-04-21 21:38:00,RF
2018-04-21,21,39,2,2018-04-21 21:39:00,RF
2018-04-21,21,49,3,2018-04-21 21:49:00,RF
2018-04-21,21,50,2,2018-04-21 21:50:00,RF
2018-04-21,22,0,7,2018-04-21 22:00:00,RF
2018-04-21,22,5,3,2018-04-21 22:05:00,RF
2018-04-21,22,10,2,2018-04-21 22:10:00,RF
2018-04-21,22,11,3,2018-04-21 22:11:00,RF
2018-04-21,22,20,3,2018-04-21 22:20:00,RF
2018-04-21,22,22,3,2018-04-21 22:22:00,RF
2018-04-21,22,30,1,2018-04-21 22:30:00,RF
2018-04-21,22,33,3,2018-04-21 22:33:00,RF
2018-04-21,22,41,3,2018-04-21 22:41:00,RF
2018-04-21,22,44,4,2018-04-21 22:44:00,RF
2018-04-21,22,51,1,2018-04-21 22:51:00,RF
2018-04-21,22,55,3,2018-04-21 22:55:00,RF
2018-04-21,23,1,2,2018-04-21 23:01:00,RF
2018-04-21,23,6,3,2018-04-21 23:06:00,RF
2018-04-21,23,7,3,2018-04-21 23:07:00,RF
2018-04-21,23,11,3,2018-04-21 23:11:00,RF
2018-04-21,23,17,3,2018-04-21 23:17:00,RF
2018-04-21,23,21,2,2018-04-21 23:21:00,RF
2018-04-21,23,26,4,2018-04-21 23:26:00,RF
2018-04-21,23,28,3,2018-04-21 23:28:00,RF
2018-04-21,23,32,2,2018-04-21 23:32:00,RF
2018-04-21,23,39,4,2018-04-21 23:39:00,RF
2018-04-21,23,42,2,2018-04-21 23:42:00,RF
2018-04-21,23,50,3,2018-04-21 23:50:00,RF
2018-04-21,23,52,3,2018-04-21 23:52:00,RF
2018-04-22,0,1,3,2018-04-22 00:01:00,RF
2018-04-22,0,2,4,2018-04-22 00:02:00,RF
2018-04-22,0,8,3,2018-04-22 00:08:00,RF
2018-04-22,0,12,3,2018-04-22 00:12:00,RF
2018-04-22,0,13,2,2018-04-22 00:13:00,RF
2018-04-22,0,23,6,2018-04-22 00:23:00,RF
2018-04-22,0,33,3,2018-04-22 00:33:00,RF
2018-04-22,0,34,3,2018-04-22 00:34:00,RF
2018-04-22,0,43,4,2018-04-22 00:43:00,RF
2018-04-22,0,45,3,2018-04-22 00:45:00,RF
2018-04-22,0,53,2,2018-04-22 00:53:00,RF
2018-04-22,0,55,4,2018-04-22 00:55:00,RF
2018-04-22,1,4,3,2018-04-22 01:04:00,RF
2018-04-22,1,6,3,2018-04-22 01:06:00,RF
2018-04-22,1,9,4,2018-04-22 01:09:00,RF
2018-04-22,1,14,2,2018-04-22 01:14:00,RF
2018-04-22,1,17,4,2018-04-22 01:17:00,RF
2018-04-22,1,24,3,2018-04-22 01:24:00,RF
2018-04-22,1,28,3,2018-04-22 01:28:00,RF
2018-04-22,1,34,1,2018-04-22 01:34:00,RF
2018-04-22,1,39,4,2018-04-22 01:39:00,RF
2018-04-22,1,45,1,2018-04-22 01:45:00,RF
2018-04-22,1,50,4,2018-04-22 01:50:00,RF
2018-04-22,1,55,3,2018-04-22 01:55:00,RF
2018-04-22,2,1,4,2018-04-22 02:01:00,RF
2018-04-22,2,5,2,2018-04-22 02:05:00,RF
2018-04-22,2,10,2,2018-04-22 02:10:00,RF
2018-04-22,2,12,3,2018-04-22 02:12:00,RF
2018-04-22,2,15,2,2018-04-22 02:15:00,RF
2018-04-22,2,23,3,2018-04-22 02:23:00,RF
2018-04-22,2,25,2,2018-04-22 02:25:00,RF
2018-04-22,2,34,3,2018-04-22 02:34:00,RF
2018-04-22,2,36,2,2018-04-22 02:36:00,RF
2018-04-22,2,45,3,2018-04-22 02:45:00,RF
2018-04-22,2,46,3,2018-04-22 02:46:00,RF
2018-04-22,2,56,6,2018-04-22 02:56:00,RF
2018-04-22,3,6,4,2018-04-22 03:06:00,RF
2018-04-22,3,7,3,2018-04-22 03:07:00,RF
2018-04-22,3,12,3,2018-04-22 03:12:00,RF
2018-04-22,3,17,1,2018-04-22 03:17:00,RF
2018-04-22,3,18,3,2018-04-22 03:18:00,RF
2018-04-22,3,27,3,2018-04-22 03:27:00,RF
2018-04-22,3,29,3,2018-04-22 03:29:00,RF
2018-04-22,3,37,3,2018-04-22 03:37:00,RF
2018-04-22,3,40,3,2018-04-22 03:40:00,RF
2018-04-22,3,47,3,2018-04-22 03:47:00,RF
2018-04-22,3,51,3,2018-04-22 03:51:00,RF
2018-04-22,3,57,3,2018-04-22 03:57:00,RF
2018-04-22,4,2,3,2018-04-22 04:02:00,RF
2018-04-22,4,8,3,2018-04-22 04:08:00,RF
2018-04-22,4,13,5,2018-04-22 04:13:00,RF
2018-04-22,4,18,2,2018-04-22 04:18:00,RF
2018-04-22,4,24,3,2018-04-22 04:24:00,RF
2018-04-22,4,28,3,2018-04-22 04:28:00,RF
2018-04-22,4,35,3,2018-04-22 04:35:00,RF
2018-04-22,4,38,4,2018-04-22 04:38:00,RF
2018-04-22,4,46,3,2018-04-22 04:46:00,RF
2018-04-22,4,49,2,2018-04-22 04:49:00,RF
2018-04-22,4,57,3,2018-04-22 04:57:00,RF
2018-04-22,4,59,3,2018-04-22 04:59:00,RF
2018-04-22,5,8,3,2018-04-22 05:08:00,RF
2018-04-22,5,9,3,2018-04-22 05:09:00,RF
2018-04-22,5,14,3,2018-04-22 05:14:00,RF
2018-04-22,5,19,6,2018-04-22 05:19:00,RF
2018-04-22,5,29,2,2018-04-22 05:29:00,RF
2018-04-22,5,30,3,2018-04-22 05:30:00,RF
2018-04-22,5,40,2,2018-04-22 05:40:00,RF
2018-04-22,5,41,3,2018-04-22 05:41:00,RF
2018-04-22,5,50,2,2018-04-22 05:50:00,RF
2018-04-22,5,52,3,2018-04-22 05:52:00,RF
2018-04-22,6,0,2,2018-04-22 06:00:00,RF
2018-04-22,6,3,4,2018-04-22 06:03:00,RF
2018-04-22,6,10,3,2018-04-22 06:10:00,RF
2018-04-22,6,14,3,2018-04-22 06:14:00,RF
2018-04-22,6,15,3,2018-04-22 06:15:00,RF
2018-04-22,6,21,2,2018-04-22 06:21:00,RF
2018-04-22,6,25,3,2018-04-22 06:25:00,RF
2018-04-22,6,31,3,2018-04-22 06:31:00,RF
2018-04-22,6,35,3,2018-04-22 06:35:00,RF
2018-04-22,6,41,3,2018-04-22 06:41:00,RF
2018-04-22,6,46,3,2018-04-22 06:46:00,RF
2018-04-22,6,51,2,2018-04-22 06:51:00,RF
2018-04-22,6,57,3,2018-04-22 06:57:00,RF
2018-04-22,7,1,2,2018-04-22 07:01:00,RF
2018-04-22,7,8,3,2018-04-22 07:08:00,RF
2018-04-22,7,12,1,2018-04-22 07:12:00,RF
2018-04-22,7,17,3,2018-04-22 07:17:00,RF
2018-04-22,7,19,4,2018-04-22 07:19:00,RF
2018-04-22,7,22,2,2018-04-22 07:22:00,RF
2018-04-22,7,30,3,2018-04-22 07:30:00,RF
2018-04-22,7,32,2,2018-04-22 07:32:00,RF
2018-04-22,7,41,3,2018-04-22 07:41:00,RF
2018-04-22,7,42,2,2018-04-22 07:42:00,RF
2018-04-22,7,52,3,2018-04-22 07:52:00,RF
2018-04-22,7,53,2,2018-04-22 07:53:00,RF
2018-04-22,8,3,5,2018-04-22 08:03:00,RF
2018-04-22,8,13,3,2018-04-22 08:13:00,RF
2018-04-22,8,14,4,2018-04-22 08:14:00,RF
2018-04-22,8,18,3,2018-04-22 08:18:00,RF
2018-04-22,8,23,2,2018-04-22 08:23:00,RF
2018-04-22,8,25,4,2018-04-22 08:25:00,RF
2018-04-22,8,33,2,2018-04-22 08:33:00,RF
2018-04-22,8,36,4,2018-04-22 08:36:00,RF
2018-04-22,8,44,2,2018-04-22 08:44:00,RF
2018-04-22,8,47,3,2018-04-22 08:47:00,RF
2018-04-22,8,54,3,2018-04-22 08:54:00,RF
2018-04-22,8,58,3,2018-04-22 08:58:00,RF
2018-04-22,9,4,1,2018-04-22 09:04:00,RF
2018-04-22,9,9,3,2018-04-22 09:09:00,RF
2018-04-22,9,14,2,2018-04-22 09:14:00,RF
2018-04-22,9,19,3,2018-04-22 09:19:00,RF
2018-04-22,9,20,3,2018-04-22 09:20:00,RF
2018-04-22,9,24,1,2018-04-22 09:24:00,RF
2018-04-22,9,31,4,2018-04-22 09:31:00,RF
2018-04-22,9,35,2,2018-04-22 09:35:00,RF
2018-04-22,9,42,3,2018-04-22 09:42:00,RF
2018-04-22,9,45,2,2018-04-22 09:45:00,RF
2018-04-22,9,53,3,2018-04-22 09:53:00,RF
2018-04-22,9,55,2,2018-04-22 09:55:00,RF
2018-04-22,10,4,3,2018-04-22 10:04:00,RF
2018-04-22,10,5,2,2018-04-22 10:05:00,RF
2018-04-22,10,15,3,2018-04-22 10:15:00,RF
2018-04-22,10,16,2,2018-04-22 10:16:00,RF
2018-04-22,10,20,4,2018-04-22 10:20:00,RF
2018-04-22,10,26,5,2018-04-22 10:26:00,RF
2018-04-22,10,36,2,2018-04-22 10:36:00,RF
2018-04-22,10,37,4,2018-04-22 10:37:00,RF
2018-04-22,10,46,2,2018-04-22 10:46:00,RF
2018-04-22,10,48,4,2018-04-22 10:48:00,RF
2018-04-22,10,56,2,2018-04-22 10:56:00,RF
2018-04-22,10,59,4,2018-04-22 10:59:00,RF
2018-04-22,11,7,2,2018-04-22 11:07:00,RF
2018-04-22,11,10,3,2018-04-22 11:10:00,RF
2018-04-22,11,17,2,2018-04-22 11:17:00,RF
2018-04-22,11,21,6,2018-04-22 11:21:00,RF
2018-04-22,11,27,1,2018-04-22 11:27:00,RF
2018-04-22,11,32,3,2018-04-22 11:32:00,RF
2018-04-22,11,37,2,2018-04-22 11:37:00,RF
2018-04-22,11,43,3,2018-04-22 11:43:00,RF
2018-04-22,11,48,1,2018-04-22 11:48:00,RF
2018-04-22,11,54,4,2018-04-22 11:54:00,RF
2018-04-22,11,58,2,2018-04-22 11:58:00,RF
2018-04-22,12,4,3,2018-04-22 12:04:00,RF
2018-04-22,12,8,2,2018-04-22 12:08:00,RF
2018-04-22,12,15,3,2018-04-22 12:15:00,RF
2018-04-22,12,18,1,2018-04-22 12:18:00,RF
2018-04-22,12,23,3,2018-04-22 12:23:00,RF
2018-04-22,12,26,3,2018-04-22 12:26:00,RF
2018-04-22,12,28,2,2018-04-22 12:28:00,RF
2018-04-22,12,37,4,2018-04-22 12:37:00,RF
2018-04-22,12,39,2,2018-04-22 12:39:00,RF
2018-04-22,12,48,3,2018-04-22 12:48:00,RF
2018-04-22,12,49,2,2018-04-22 12:49:00,RF
2018-04-22,12,59,5,2018-04-22 12:59:00,RF
2018-04-22,13,9,2,2018-04-22 13:09:00,RF
2018-04-22,13,10,3,2018-04-22 13:10:00,RF
2018-04-22,13,20,2,2018-04-22 13:20:00,RF
2018-04-22,13,21,3,2018-04-22 13:21:00,RF
2018-04-22,13,24,3,2018-04-22 13:24:00,RF
2018-04-22,13,30,2,2018-04-22 13:30:00,RF
2018-04-22,13,32,4,2018-04-22 13:32:00,RF
2018-04-22,13,40,1,2018-04-22 13:40:00,RF
2018-04-22,13,43,3,2018-04-22 13:43:00,RF
2018-04-22,13,50,2,2018-04-22 13:50:00,RF
2018-04-22,13,54,3,2018-04-22 13:54:00,RF
2018-04-22,14,0,1,2018-04-22 14:00:00,RF
2018-04-22,14,5,3,2018-04-22 14:05:00,RF
2018-04-22,14,11,1,2018-04-22 14:11:00,RF
2018-04-22,14,16,3,2018-04-22 14:16:00,RF
2018-04-22,14,21,2,2018-04-22 14:21:00,RF
2018-04-22,14,25,3,2018-04-22 14:25:00,RF
2018-04-22,14,27,3,2018-04-22 14:27:00,RF
2018-04-22,14,31,2,2018-04-22 14:31:00,RF
2018-04-22,14,38,3,2018-04-22 14:38:00,RF
2018-04-22,14,41,3,2018-04-22 14:41:00,RF
2018-04-22,14,49,4,2018-04-22 14:49:00,RF
2018-04-22,14,52,3,2018-04-22 14:52:00,RF
2018-04-22,15,0,3,2018-04-22 15:00:00,RF
2018-04-22,15,2,1,2018-04-22 15:02:00,RF
2018-04-22,15,11,4,2018-04-22 15:11:00,RF
2018-04-22,15,12,2,2018-04-22 15:12:00,RF
2018-04-22,15,22,7,2018-04-22 15:22:00,RF
2018-04-22,15,26,3,2018-04-22 15:26:00,RF
2018-04-22,15,32,2,2018-04-22 15:32:00,RF
2018-04-22,15,33,4,2018-04-22 15:33:00,RF
2018-04-22,15,43,2,2018-04-22 15:43:00,RF
2018-04-22,15,44,3,2018-04-22 15:44:00,RF
2018-04-22,15,53,2,2018-04-22 15:53:00,RF
2018-04-22,15,55,3,2018-04-22 15:55:00,RF
2018-04-22,16,3,2,2018-04-22 16:03:00,RF
2018-04-22,16,6,4,2018-04-22 16:06:00,RF
2018-04-22,16,13,2,2018-04-22 16:13:00,RF
2018-04-22,16,17,3,2018-04-22 16:17:00,RF
2018-04-22,16,24,2,2018-04-22 16:24:00,RF
2018-04-22,16,27,3,2018-04-22 16:27:00,RF
2018-04-22,16,28,3,2018-04-22 16:28:00,RF
2018-04-22,16,34,2,2018-04-22 16:34:00,RF
2018-04-22,16,39,3,2018-04-22 16:39:00,RF
2018-04-22,16,44,2,2018-04-22 16:44:00,RF
2018-04-22,16,50,3,2018-04-22 16:50:00,RF
2018-04-22,16,54,2,2018-04-22 16:54:00,RF
2018-04-22,17,1,3,2018-04-22 17:01:00,RF
2018-04-22,17,4,2,2018-04-22 17:04:00,RF
2018-04-22,17,12,4,2018-04-22 17:12:00,RF
2018-04-22,17,15,2,2018-04-22 17:15:00,RF
2018-04-22,17,23,3,2018-04-22 17:23:00,RF
2018-04-22,17,25,2,2018-04-22 17:25:00,RF
2018-04-22,17,28,4,2018-04-22 17:28:00,RF
2018-04-22,17,34,3,2018-04-22 17:34:00,RF
2018-04-22,17,35,2,2018-04-22 17:35:00,RF
2018-04-22,17,45,6,2018-04-22 17:45:00,RF
2018-04-22,17,56,5,2018-04-22 17:56:00,RF
2018-04-22,18,6,3,2018-04-22 18:06:00,RF
2018-04-22,18,7,3,2018-04-22 18:07:00,RF
2018-04-22,18,16,2,2018-04-22 18:16:00,RF
2018-04-22,18,18,3,2018-04-22 18:18:00,RF
2018-04-22,18,26,2,2018-04-22 18:26:00,RF
2018-04-22,18,29,3,2018-04-22 18:29:00,RF
2018-04-22,18,30,3,2018-04-22 18:30:00,RF
2018-04-22,18,36,2,2018-04-22 18:36:00,RF
2018-04-22,18,40,3,2018-04-22 18:40:00,RF
2018-04-22,18,47,2,2018-04-22 18:47:00,RF
2018-04-22,18,50,3,2018-04-22 18:50:00,RF
2018-04-22,18,57,2,2018-04-22 18:57:00,RF
2018-04-22,19,1,2,2018-04-22 19:01:00,RF
2018-04-22,19,7,2,2018-04-22 19:07:00,RF
2018-04-22,19,12,3,2018-04-22 19:12:00,RF
2018-04-22,19,17,2,2018-04-22 19:17:00,RF
2018-04-22,19,23,4,2018-04-22 19:23:00,RF
2018-04-22,19,27,2,2018-04-22 19:27:00,RF
2018-04-22,19,31,3,2018-04-22 19:31:00,RF
2018-04-22,19,34,3,2018-04-22 19:34:00,RF
2018-04-22,19,38,2,2018-04-22 19:38:00,RF
2018-04-22,19,45,4,2018-04-22 19:45:00,RF
2018-04-22,19,48,2,2018-04-22 19:48:00,RF
2018-04-22,19,56,3,2018-04-22 19:56:00,RF
2018-04-22,19,58,3,2018-04-22 19:58:00,RF
2018-04-22,20,7,4,2018-04-22 20:07:00,RF
2018-04-22,20,8,2,2018-04-22 20:08:00,RF
2018-04-22,20,18,3,2018-04-22 20:18:00,RF
2018-04-22,20,19,2,2018-04-22 20:19:00,RF
2018-04-22,20,29,5,2018-04-22 20:29:00,RF
2018-04-22,20,32,3,2018-04-22 20:32:00,RF
2018-04-22,20,39,2,2018-04-22 20:39:00,RF
2018-04-22,20,40,4,2018-04-22 20:40:00,RF
2018-04-22,20,49,3,2018-04-22 20:49:00,RF
2018-04-22,20,51,4,2018-04-22 20:51:00,RF
2018-04-22,20,59,2,2018-04-22 20:59:00,RF
2018-04-22,21,2,3,2018-04-22 21:02:00,RF
2018-04-22,21,10,2,2018-04-22 21:10:00,RF
2018-04-22,21,13,4,2018-04-22 21:13:00,RF
2018-04-22,21,20,2,2018-04-22 21:20:00,RF
2018-04-22,21,24,3,2018-04-22 21:24:00,RF
2018-04-22,21,30,2,2018-04-22 21:30:00,RF
2018-04-22,21,33,3,2018-04-22 21:33:00,RF
2018-04-22,21,35,3,2018-04-22 21:35:00,RF
2018-04-22,21,40,2,2018-04-22 21:40:00,RF
2018-04-22,21,46,3,2018-04-22 21:46:00,RF
2018-04-22,21,51,1,2018-04-22 21:51:00,RF
2018-04-22,21,57,3,2018-04-22 21:57:00,RF
2018-04-22,22,1,3,2018-04-22 22:01:00,RF
2018-04-22,22,8,3,2018-04-22 22:08:00,RF
2018-04-22,22,11,2,2018-04-22 22:11:00,RF
2018-04-22,22,19,3,2018-04-22 22:19:00,RF
2018-04-22,22,21,3,2018-04-22 22:21:00,RF
2018-04-22,22,30,3,2018-04-22 22:30:00,RF
2018-04-22,22,31,2,2018-04-22 22:31:00,RF
2018-04-22,22,35,3,2018-04-22 22:35:00,RF
2018-04-22,22,41,4,2018-04-22 22:41:00,RF
2018-04-22,22,42,2,2018-04-22 22:42:00,RF
2018-04-22,22,52,6,2018-04-22 22:52:00,RF
2018-04-22,23,2,1,2018-04-22 23:02:00,RF
2018-04-22,23,3,3,2018-04-22 23:03:00,RF
2018-04-22,23,12,2,2018-04-22 23:12:00,RF
2018-04-22,23,14,4,2018-04-22 23:14:00,RF
2018-04-22,23,23,2,2018-04-22 23:23:00,RF
2018-04-22,23,25,3,2018-04-22 23:25:00,RF
2018-04-22,23,33,2,2018-04-22 23:33:00,RF
2018-04-22,23,36,6,2018-04-22 23:36:00,RF
2018-04-22,23,43,2,2018-04-22 23:43:00,RF
2018-04-22,23,47,4,2018-04-22 23:47:00,RF
2018-04-22,23,53,2,2018-04-22 23:53:00,RF
2018-04-22,23,58,3,2018-04-22 23:58:00,RF
2018-04-23,0,3,2,2018-04-23 00:03:00,RF
2018-04-23,0,9,3,2018-04-23 00:09:00,RF
2018-04-23,0,14,2,2018-04-23 00:14:00,RF
2018-04-23,0,20,3,2018-04-23 00:20:00,RF
2018-04-23,0,24,3,2018-04-23 00:24:00,RF
2018-04-23,0,31,3,2018-04-23 00:31:00,RF
2018-04-23,0,34,2,2018-04-23 00:34:00,RF
2018-04-23,0,37,3,2018-04-23 00:37:00,RF
2018-04-23,0,42,3,2018-04-23 00:42:00,RF
2018-04-23,0,44,1,2018-04-23 00:44:00,RF
2018-04-23,0,53,3,2018-04-23 00:53:00,RF
2018-04-23,0,54,2,2018-04-23 00:54:00,RF
2018-04-23,1,4,2,2018-04-23 01:04:00,RF
2018-04-23,1,5,2,2018-04-23 01:05:00,RF
2018-04-23,1,15,4,2018-04-23 01:15:00,RF
2018-04-23,1,25,2,2018-04-23 01:25:00,RF
2018-04-23,1,26,3,2018-04-23 01:26:00,RF
2018-04-23,1,35,3,2018-04-23 01:35:00,RF
2018-04-23,1,37,3,2018-04-23 01:37:00,RF
2018-04-23,1,39,3,2018-04-23 01:39:00,RF
2018-04-23,1,46,2,2018-04-23 01:46:00,RF
2018-04-23,1,48,4,2018-04-23 01:48:00,RF
2018-04-23,1,56,2,2018-04-23 01:56:00,RF
2018-04-23,1,59,4,2018-04-23 01:59:00,RF
2018-04-23,2,6,2,2018-04-23 02:06:00,RF
2018-04-23,2,10,3,2018-04-23 02:10:00,RF
2018-04-23,2,16,2,2018-04-23 02:16:00,RF
2018-04-23,2,20,3,2018-04-23 02:20:00,RF
2018-04-23,2,26,2,2018-04-23 02:26:00,RF
2018-04-23,2,31,4,2018-04-23 02:31:00,RF
2018-04-23,2,37,3,2018-04-23 02:37:00,RF
2018-04-23,2,40,3,2018-04-23 02:40:00,RF
2018-04-23,2,42,3,2018-04-23 02:42:00,RF
2018-04-23,2,47,2,2018-04-23 02:47:00,RF
2018-04-23,2,53,3,2018-04-23 02:53:00,RF
2018-04-23,2,57,2,2018-04-23 02:57:00,RF
2018-04-23,3,4,3,2018-04-23 03:04:00,RF
2018-04-23,3,7,3,2018-04-23 03:07:00,RF
2018-04-23,3,15,4,2018-04-23 03:15:00,RF
2018-04-23,3,18,3,2018-04-23 03:18:00,RF
2018-04-23,3,26,3,2018-04-23 03:26:00,RF
2018-04-23,3,28,2,2018-04-23 03:28:00,RF
2018-04-23,3,37,3,2018-04-23 03:37:00,RF
2018-04-23,3,38,3,2018-04-23 03:38:00,RF
2018-04-23,3,41,3,2018-04-23 03:41:00,RF
2018-04-23,3,48,5,2018-04-23 03:48:00,RF
2018-04-23,3,58,3,2018-04-23 03:58:00,RF
2018-04-23,3,59,3,2018-04-23 03:59:00,RF
2018-04-23,4,9,3,2018-04-23 04:09:00,RF
2018-04-23,4,10,3,2018-04-23 04:10:00,RF
2018-04-23,4,19,3,2018-04-23 04:19:00,RF
2018-04-23,4,21,3,2018-04-23 04:21:00,RF
2018-04-23,4,29,3,2018-04-23 04:29:00,RF
2018-04-23,4,32,4,2018-04-23 04:32:00,RF
2018-04-23,4,39,2,2018-04-23 04:39:00,RF
2018-04-23,4,42,3,2018-04-23 04:42:00,RF
2018-04-23,4,43,3,2018-04-23 04:43:00,RF
2018-04-23,4,50,2,2018-04-23 04:50:00,RF
2018-04-23,4,54,3,2018-04-23 04:54:00,RF
2018-04-23,5,0,3,2018-04-23 05:00:00,RF
2018-04-23,5,5,3,2018-04-23 05:05:00,RF
2018-04-23,5,10,3,2018-04-23 05:10:00,RF
2018-04-23,5,16,3,2018-04-23 05:16:00,RF
2018-04-23,5,20,1,2018-04-23 05:20:00,RF
2018-04-23,5,27,4,2018-04-23 05:27:00,RF
2018-04-23,5,30,1,2018-04-23 05:30:00,RF
2018-04-23,5,38,3,2018-04-23 05:38:00,RF
2018-04-23,5,41,2,2018-04-23 05:41:00,RF
2018-04-23,5,44,3,2018-04-23 05:44:00,RF
2018-04-23,5,49,3,2018-04-23 05:49:00,RF
2018-04-23,5,51,2,2018-04-23 05:51:00,RF
2018-04-23,6,0,3,2018-04-23 06:00:00,RF
2018-04-23,6,1,2,2018-04-23 06:01:00,RF
2018-04-23,6,11,5,2018-04-23 06:11:00,RF
2018-04-23,6,21,2,2018-04-23 06:21:00,RF
2018-04-23,6,22,3,2018-04-23 06:22:00,RF
2018-04-23,6,32,2,2018-04-23 06:32:00,RF
2018-04-23,6,33,3,2018-04-23 06:33:00,RF
2018-04-23,6,42,2,2018-04-23 06:42:00,RF
2018-04-23,6,44,4,2018-04-23 06:44:00,RF
2018-04-23,6,45,2,2018-04-23 06:45:00,RF
2018-04-23,6,52,2,2018-04-23 06:52:00,RF
2018-04-23,6,55,3,2018-04-23 06:55:00,RF
2018-04-23,7,2,3,2018-04-23 07:02:00,RF
2018-04-23,7,6,3,2018-04-23 07:06:00,RF
2018-04-23,7,13,3,2018-04-23 07:13:00,RF
2018-04-23,7,17,4,2018-04-23 07:17:00,RF
2018-04-23,7,23,2,2018-04-23 07:23:00,RF
2018-04-23,7,28,3,2018-04-23 07:28:00,RF
2018-04-23,7,33,2,2018-04-23 07:33:00,RF
2018-04-23,7,39,2,2018-04-23 07:39:00,RF
2018-04-23,7,43,2,2018-04-23 07:43:00,RF
2018-04-23,7,46,3,2018-04-23 07:46:00,RF
2018-04-23,7,49,2,2018-04-23 07:49:00,RF
2018-04-23,7,50,1,2018-04-23 07:50:00,RF
2018-04-23,7,53,2,2018-04-23 07:53:00,RF
2018-04-23,8,0,3,2018-04-23 08:00:00,RF
2018-04-23,8,4,2,2018-04-23 08:04:00,RF
2018-04-23,8,11,2,2018-04-23 08:11:00,RF
2018-04-23,8,14,2,2018-04-23 08:14:00,RF
2018-04-23,8,22,4,2018-04-23 08:22:00,RF
2018-04-23,8,24,2,2018-04-23 08:24:00,RF
2018-04-23,8,33,3,2018-04-23 08:33:00,RF
2018-04-23,8,34,3,2018-04-23 08:34:00,RF
2018-04-23,8,44,3,2018-04-23 08:44:00,RF
2018-04-23,8,45,2,2018-04-23 08:45:00,RF
2018-04-23,8,47,4,2018-04-23 08:47:00,RF
2018-04-23,8,55,5,2018-04-23 08:55:00,RF
2018-04-23,9,5,3,2018-04-23 09:05:00,RF
2018-04-23,9,6,4,2018-04-23 09:06:00,RF
2018-04-23,9,15,2,2018-04-23 09:15:00,RF
2018-04-23,9,17,3,2018-04-23 09:17:00,RF
2018-04-23,9,25,2,2018-04-23 09:25:00,RF
2018-04-23,9,28,3,2018-04-23 09:28:00,RF
2018-04-23,9,36,3,2018-04-23 09:36:00,RF
2018-04-23,9,39,4,2018-04-23 09:39:00,RF
2018-04-23,9,46,2,2018-04-23 09:46:00,RF
2018-04-23,9,49,3,2018-04-23 09:49:00,RF
2018-04-23,9,50,4,2018-04-23 09:50:00,RF
2018-04-23,9,56,2,2018-04-23 09:56:00,RF
2018-04-23,10,1,4,2018-04-23 10:01:00,RF
2018-04-23,10,6,2,2018-04-23 10:06:00,RF
2018-04-23,10,12,3,2018-04-23 10:12:00,RF
2018-04-23,10,16,1,2018-04-23 10:16:00,RF
2018-04-23,10,23,2,2018-04-23 10:23:00,RF
2018-04-23,10,27,2,2018-04-23 10:27:00,RF
2018-04-23,10,34,2,2018-04-23 10:34:00,RF
2018-04-23,10,37,3,2018-04-23 10:37:00,RF
2018-04-23,10,45,3,2018-04-23 10:45:00,RF
2018-04-23,10,47,2,2018-04-23 10:47:00,RF
2018-04-23,10,50,3,2018-04-23 10:50:00,RF
2018-04-23,10,56,3,2018-04-23 10:56:00,RF
2018-04-23,10,57,2,2018-04-23 10:57:00,RF
2018-04-23,11,7,5,2018-04-23 11:07:00,RF
2018-04-23,11,18,5,2018-04-23 11:18:00,RF
2018-04-23,11,28,2,2018-04-23 11:28:00,RF
2018-04-23,11,29,4,2018-04-23 11:29:00,RF
2018-04-23,11,36,4,2018-04-23 11:36:00,RF
2018-04-23,11,37,5,2018-04-23 11:37:00,RF
2018-04-23,11,38,2,2018-04-23 11:38:00,RF
2018-04-23,11,40,3,2018-04-23 11:40:00,RF
2018-04-23,11,48,2,2018-04-23 11:48:00,RF
2018-04-23,11,51,8,2018-04-23 11:51:00,RF
2018-04-23,11,59,2,2018-04-23 11:59:00,RF
2018-04-23,12,2,3,2018-04-23 12:02:00,RF
2018-04-23,12,9,3,2018-04-23 12:09:00,RF
2018-04-23,12,13,3,2018-04-23 12:13:00,RF
2018-04-23,12,15,2,2018-04-23 12:15:00,RF
2018-04-23,12,16,8,2018-04-23 12:16:00,RF
2018-04-23,12,17,3,2018-04-23 12:17:00,RF
2018-04-23,12,19,9,2018-04-23 12:19:00,RF
2018-04-23,12,20,2,2018-04-23 12:20:00,RF
2018-04-23,12,24,3,2018-04-23 12:24:00,RF
2018-04-23,12,29,2,2018-04-23 12:29:00,RF
2018-04-23,12,35,3,2018-04-23 12:35:00,RF
2018-04-23,12,40,2,2018-04-23 12:40:00,RF
2018-04-23,12,46,3,2018-04-23 12:46:00,RF
